{
  "users": [
    {
      "id": 1,
      "email": "harsha@gmail.com",
      "password": "password",
      "bookings" :[
        {
          "name": "Seedamm Plaza",
          "address": "Seedammstrasse 3, Pfäffikon SZ, Zurich (region), Switzerland",
          "price": 220,
          "discount": 0.5,
          "rating": 4.5,
          "image": "./images/Switzerland/Zurich/2.jpg",
          "region": "Zurich",
          "country": "Switzerland",
          "id": 2
        },
        {
          "id": 4,
          "name": "Alma Hotel",
          "address": "Mainaustrasse 24, Zurich,Zurich(region), Switzerland",
          "price": 318,
          "discount": 0.5,
          "rating": 4.6,
          "image": "./images/Switzerland/Zurich/4.jpg",
          "region": "Zurich",
          "country": "Switzerland"
        },
        {
          "id": 8,
          "name": "HOTEL illuster",
          "address": "Zürichstrasse 14, Uster, Zurich (region), Switzerland",
          "price": 196,
          "discount": 0.5,
          "rating": 4.4,
          "image": "./images/Switzerland/Zurich/8.jpg",
          "region": "Zurich",
          "country": "Switzerland"
        },
        {
          "id": 21,
          "name": "Hotel du Parc",
          "address": "Römerstrasse 24, Baden, Aargau, Switzerland",
          "price": 164,
          "discount": 0.3,
          "rating": 4.3,
          "image": "./images/Switzerland/Aargau/11.jpg",
          "region": "Aargau",
          "country": "Switzerland"
        },
        {
          "id": 22,
          "name": "B&B Hotel Oftringen",
          "address": "Campingweg 19, Oftringen, Aargau, Switzerland",
          "price": 110,
          "discount": 0.5,
          "rating": 4.5,
          "image": "./images/Switzerland/Aargau/12.jpg",
          "region": "Aargau",
          "country": "Switzerland"
        },
        {
          "id": 23,
          "name": "Landhotel Löwen",
          "address": "Hauptstrasse 4, Meisterschwanden, Aargau, Switzerland",
          "price": 200,
          "discount": 0.3,
          "rating": 4.5,
          "image": "./images/Switzerland/Aargau/13.jpg",
          "region": "Aargau",
          "country": "Switzerland"
        },
        {
          "id": 24,
          "name": "Hotel Victoria",
          "address": "Hauptstrasse 4, Meisterschwanden, Aargau, Switzerland",
          "price": 300,
          "discount": 0.5,
          "rating": 4.6,
          "image": "./images/Switzerland/Basel/1.jpg",
          "region": "Basel",
          "country": "Switzerland"
        },
        {
          "id": 25,
          "name": "DASBREITEHOTEL am Rhein",
          "address": "Zürcherstrasse 149, Basel, Basel (region), Switzerland",
          "price": 190,
          "discount": 0.5,
          "rating": 4.5,
          "image": "./images/Switzerland/Basel/2.jpg",
          "region": "Basel",
          "country": "Switzerland"
        },
        {
          "id": 26,
          "name": "Hotel Schweizerhof Basel",
          "address": "Centralbahnplatz 1, Basel, Basel (region), Switzerland",
          "price": 220,
          "discount": 0.5,
          "rating": 4.5,
          "image": "./images/Switzerland/Basel/3.jpg",
          "region": "Basel",
          "country": "Switzerland"
        },
        {
          "id": 27,
          "name": "Hotel Restaurant Sonne Sissach",
          "address": "Hauptstrasse 83, Sissach, Basel (region), Switzerland",
          "price": 250,
          "discount": 0.5,
          "rating": 4.5,
          "image": "./images/Switzerland/Basel/4.jpg",
          "region": "Basel",
          "country": "Switzerland"
        }

      ]
    },
    {
      "id": 2,
      "email": "anjali@gmail.com",
      "password": "password",
      "bookings":[
        {
          "id": 56,
          "name": "Hotel MyWay",
          "address": "Bahnhofstrasse 6, Wallisellen, Carintha, Austria",
          "price": 270,
          "discount": 0.5,
          "rating": 4.4,
          "image": "./images/Switzerland/Zurich/6.jpg",
          "region": "Carintha",
          "country": "Austria"
        },
        {
          "id": 57,
          "name": "Altstadt Hotel",
          "address": "Kirchgasse 4, Zürich, Carintha, Austria",
          "price": 320,
          "discount": 0.5,
          "rating": 4.4,
          "image": "./images/Switzerland/Zurich/7.jpg",
          "region": "Carintha",
          "country": "Austria"
        },
        {
          "id": 58,
          "name": "HOTEL illuster",
          "address": "Zürichstrasse 14, Uster, Carintha, Austria",
          "price": 196,
          "discount": 0.5,
          "rating": 4.4,
          "image": "./images/Switzerland/Zurich/8.jpg",
          "region": "Carintha",
          "country": "Austria"
        },
        {
          "id": 59,
          "name": "Alex Lake Zurich",
          "address": "Seestrasse 182, Thalwil, Carintha, Austria",
          "price": 336,
          "discount": 0.3,
          "rating": 4.7,
          "image": "./images/Switzerland/Zurich/9.jpg",
          "region": "Carintha",
          "country": "Austria"
        },
        {
          "id": 60,
          "name": "Gasthof Pizzeria Weingarten",
          "address": "Untere Bahnhofstrasse 8, Affoltern am Albis, Carintha, Austria",
          "price": 200,
          "discount": 0.5,
          "rating": 4.7,
          "image": "./images/Switzerland/Zurich/10.jpg",
          "region": "Carintha",
          "country": "Austria"
        },
        {
          "id": 61,
          "name": "Hotel Kettenbrücke",
          "address": "Zollrain 16, Aarau, Styria, Austria",
          "price": 270,
          "discount": 0.5,
          "rating": 4.5,
          "image": "./images/Switzerland/Aargau/1.jpg",
          "region": "Styria",
          "country": "Austria"
        },
        {
          "id": 62,
          "name": "CASPAR das Drei-Häuser-Hotel",
          "address": "Caspar Wolf-Weg 1, Muri, Styria, Austria",
          "price": 198,
          "discount": 0.5,
          "rating": 4.6,
          "image": "./images/Switzerland/Aargau/2.jpg",
          "region": "Styria",
          "country": "Austria"
        },
        {
          "id": 63,
          "name": "Mercure Lenzburg Krone",
          "address": "Kronenplatz 18, Lenzburg, Styria, Austria",
          "price": 240,
          "discount": 0.5,
          "rating": 4.4,
          "image": "./images/Switzerland/Aargau/3.jpg",
          "region": "Styria",
          "country": "Austria"
        },
        {
          "id": 64,
          "name": "Blue City Hotel",
          "address": "Haselstrasse 17, Baden, Styria, Austria",
          "price": 186,
          "discount": 0.5,
          "rating": 4.4,
          "image": "./images/Switzerland/Aargau/4.jpg",
          "region": "Styria",
          "country": "Austria"
        },
        {
          "id": 65,
          "name": "HOTEL aarau-WEST",
          "address": "Muhenstrasse 58, Oberentfelden, Styria, Austria",
          "price": 216,
          "discount": 0.5,
          "rating": 4.5,
          "image": "./images/Switzerland/Aargau/5.jpg",
          "region": "Styria",
          "country": "Austria"
        },
        {
          "id": 66,
          "name": "Centurion-Towerhotel",
          "address": "Steinackerstrasse 1, Windisch-Brugg, Styria, Austria",
          "price": 180,
          "discount": 0.4,
          "rating": 4.6,
          "image": "./images/Switzerland/Aargau/6.jpg",
          "region": "Styria",
          "country": "Austria"
        },
        {
          "id": 67,
          "name": "Hotel Herberge",
          "address": "Wynentalstrasse 9a, Teufenthal, Styria, Austria",
          "price": 200,
          "discount": 0.3,
          "rating": 4.5,
          "image": "./images/Switzerland/Aargau/7.jpg",
          "region": "Styria",
          "country": "Austria"
        },
        {
          "id": 68,
          "name": "Trafo Hotel",
          "address": "Bruggerstrasse 56, Baden, Styria, Austria",
          "price": 240,
          "discount": 0.5,
          "rating": 4.3,
          "image": "./images/Switzerland/Aargau/8.jpg",
          "region": "Styria",
          "country": "Austria"
        },
        {
          "id": 69,
          "name": "Hotel B&B Rothrist Olten",
          "address": "Helblingstrasse 9, Rothrist, Styria, Austria",
          "price": 110,
          "discount": 0.5,
          "rating": 3.9,
          "image": "./images/Switzerland/Aargau/9.jpg",
          "region": "Styria",
          "country": "Austria"
        },
        {
          "id": 70,
          "name": "Hotel Engel Zofingen",
          "address": "Engelgasse 4, Zofingen, Styria, Austria",
          "price": 167,
          "discount": 0.5,
          "rating": 4.6,
          "image": "./images/Switzerland/Aargau/10.jpg",
          "region": "Styria",
          "country": "Austria"
        },
        {
          "id": 71,
          "name": "Hotel du Parc",
          "address": "Römerstrasse 24, Baden, Alsace, France",
          "price": 164,
          "discount": 0.3,
          "rating": 4.3,
          "image": "./images/Switzerland/hotels/1.jpg",
          "region": "Alsace",
          "country": "France"
        },
        {
          "id": 72,
          "name": "B&B Hotel Oftringen",
          "address": "Campingweg 19, Oftringen, Alsace, France",
          "price": 110,
          "discount": 0.5,
          "rating": 4.5,
          "image": "./images/Switzerland/hotels/2.jpg",
          "region": "Alsace",
          "country": "France"
        },
        {
          "id": 73,
          "name": "Landhotel Löwen",
          "address": "Hauptstrasse 4, Meisterschwanden, Alsace, France",
          "price": 200,
          "discount": 0.3,
          "rating": 4.5,
          "image": "./images/Switzerland/hotels/3.jpg",
          "region": "Alsace",
          "country": "France"
        },
        {
          "id": 74,
          "name": "Hotel Victoria",
          "address": "Hauptstrasse 4, Meisterschwanden, Haute-Savoie, France",
          "price": 300,
          "discount": 0.5,
          "rating": 4.6,
          "image": "./images/Switzerland/hotels/4.jpg",
          "region": "Haute-Savoie",
          "country": "France"
        }
      ]
    },
    {
      "id":3,
      "email":"prity@gmail.com",
      "password":"password",
      "bookings":[{
        "id": 72,
        "name": "B&B Hotel Oftringen",
        "address": "Campingweg 19, Oftringen, Alsace, France",
        "price": 110,
        "discount": 0.5,
        "rating": 4.5,
        "image": "./images/Switzerland/hotels/2.jpg",
        "region": "Alsace",
        "country": "France"
      },
      {
        "id": 73,
        "name": "Landhotel Löwen",
        "address": "Hauptstrasse 4, Meisterschwanden, Alsace, France",
        "price": 200,
        "discount": 0.3,
        "rating": 4.5,
        "image": "./images/Switzerland/hotels/3.jpg",
        "region": "Alsace",
        "country": "France"
      },
      {
        "id": 74,
        "name": "Hotel Victoria",
        "address": "Hauptstrasse 4, Meisterschwanden, Haute-Savoie, France",
        "price": 300,
        "discount": 0.5,
        "rating": 4.6,
        "image": "./images/Switzerland/hotels/4.jpg",
        "region": "Haute-Savoie",
        "country": "France"
      },
      {
        "id": 75,
        "name": "DASBREITEHOTEL am Rhein",
        "address": "Zürcherstrasse 149, Basel, Haute-Savoie, France",
        "price": 190,
        "discount": 0.5,
        "rating": 4.5,
        "image": "./images/Switzerland/hotels/5.jpg",
        "region": "Haute-Savoie",
        "country": "France"
      },
      {
        "id": 76,
        "name": "Hotel Schweizerhof Basel",
        "address": "Centralbahnplatz 1, Basel, Haute-Savoie, France",
        "price": 220,
        "discount": 0.5,
        "rating": 4.5,
        "image": "./images/Switzerland/hotels/6.jpg",
        "region": "Haute-Savoie",
        "country": "France"
      },
      {
        "id": 77,
        "name": "Hotel Restaurant Sonne Sissach",
        "address": "Hauptstrasse 83, Sissach, Haute-Savoie, France",
        "price": 250,
        "discount": 0.5,
        "rating": 4.5,
        "image": "./images/Switzerland/hotels/7.jpg",
        "region": "Haute-Savoie",
        "country": "France"
      },
      {
        "id": 78,
        "name": "Hotel Hofmatt",
        "address": "Baselstrasse 88, Münchenstein, Haute-Savoie, France",
        "price": 240,
        "discount": 0.5,
        "rating": 4.5,
        "image": "./images/Switzerland/hotels/8.jpg",
        "region": "Haute-Savoie",
        "country": "France"
      },
      {
        "id": 79,
        "name": "HOTEL ENGEL Business & Lifestyle",
        "address": "Kasernenstrasse 10, Liestal, Haute-Savoie, France",
        "price": 224,
        "discount": 0.5,
        "rating": 4.5,
        "image": "./images/Switzerland/hotels/9.jpg",
        "region": "Haute-Savoie",
        "country": "France"
      },
      {
        "id": 80,
        "name": "Seiler's Hotel Radackerhof",
        "address": "Rheinstrasse 93, Liestal, Haute-Savoie, France",
        "price": 340,
        "discount": 0.6,
        "rating": 4.5,
        "image": "./images/Switzerland/hotels/10.jpg",
        "region": "Haute-Savoie",
        "country": "France"
      },
      {
        "id": 81,
        "name": "Adagio Basel City Aparthotel",
        "address": "Hammerstrasse 46, Basel, Haute-Savoie, France",
        "price": 270,
        "discount": 0.6,
        "rating": 4.5,
        "image": "./images/Switzerland/hotels/11.jpg",
        "region": "Haute-Savoie",
        "country": "France"
      },
      {
        "id": 82,
        "name": "ART HOUSE Basel",
        "address": "Steinenvorstadt 42, Basel, Haute-Savoie, France",
        "price": 170,
        "discount": 0.4,
        "rating": 4.5,
        "image": "./images/Switzerland/hotels/12.jpg",
        "region": "Haute-Savoie",
        "country": "France"
      }

      ]
    },
    {
      "id":4,
      "email":"shahbaz@gmail.com",
      "password":"password",
      "bookings":[
        {
          "id": 1,
          "name": "Glockenhof Zürich",
          "address": "Sihlstrasse 31, Zürich, Zurich (region), Switzerland",
          "price": 460,
          "discount": 0.5,
          "rating": 4.6,
          "image":"./images/Switzerland/Zurich/1.jpg",
          "region": "Zurich",
          "country": "Switzerland"
        },
        {
          "name": "Seedamm Plaza",
          "address": "Seedammstrasse 3, Pfäffikon SZ, Zurich (region), Switzerland",
          "price": 220,
          "discount": 0.5,
          "rating": 4.5,
          "image": "./images/Switzerland/Zurich/2.jpg",
          "region": "Zurich",
          "country": "Switzerland",
          "id": 2
        },
        {
          "name": "Park Hotel Winterthur",
          "address": "Stadthausstrasse 4, Winterthur, Zurich (region), Switzerland",
          "price": 268,
          "discount": 0.5,
          "rating": 4.7,
          "image": "./images/Switzerland/Zurich/3.jpg",
          "region": "Zurich",
          "country": "Switzerland",
          "id": 3
        },
        {
          "id": 4,
          "name": "Alma Hotel",
          "address": "Mainaustrasse 24, Zurich,Zurich(region), Switzerland",
          "price": 318,
          "discount": 0.5,
          "rating": 4.6,
          "image": "./images/Switzerland/Zurich/4.jpg",
          "region": "Zurich",
          "country": "Switzerland"
        },
        {
          "id": 14,
          "name": "Blue City Hotel",
          "address": "Haselstrasse 17, Baden, Aargau, Switzerland",
          "price": 186,
          "discount": 0.5,
          "rating": 4.4,
          "image": "./images/Switzerland/Aargau/4.jpg",
          "region": "Aargau",
          "country": "Switzerland"
        },
        {
          "id": 15,
          "name": "HOTEL aarau-WEST",
          "address": "Muhenstrasse 58, Oberentfelden, Aargau, Switzerland",
          "price": 216,
          "discount": 0.5,
          "rating": 4.5,
          "image": "./images/Switzerland/Aargau/5.jpg",
          "region": "Aargau",
          "country": "Switzerland"
        },
        {
          "id": 16,
          "name": "Centurion-Towerhotel",
          "address": "Steinackerstrasse 1, Windisch-Brugg, Aargau, Switzerland",
          "price": 180,
          "discount": 0.4,
          "rating": 4.6,
          "image": "./images/Switzerland/Aargau/6.jpg",
          "region": "Aargau",
          "country": "Switzerland"
        },
        {
          "id": 17,
          "name": "Hotel Herberge",
          "address": "Wynentalstrasse 9a, Teufenthal, Aargau, Switzerland",
          "price": 200,
          "discount": 0.3,
          "rating": 4.5,
          "image": "./images/Switzerland/Aargau/7.jpg",
          "region": "Aargau",
          "country": "Switzerland"
        },
        {
          "id": 18,
          "name": "Trafo Hotel",
          "address": "Bruggerstrasse 56, Baden, Aargau, Switzerland",
          "price": 240,
          "discount": 0.5,
          "rating": 4.3,
          "image": "./images/Switzerland/Aargau/8.jpg",
          "region": "Aargau",
          "country": "Switzerland"
        },
        {
          "id": 19,
          "name": "Hotel B&B Rothrist Olten",
          "address": "Helblingstrasse 9, Rothrist, Aargau, Switzerland",
          "price": 110,
          "discount": 0.5,
          "rating": 3.9,
          "image": "./images/Switzerland/Aargau/9.jpg",
          "region": "Aargau",
          "country": "Switzerland"
        },
        {
          "id": 20,
          "name": "Hotel Engel Zofingen",
          "address": "Engelgasse 4, Zofingen, Aargau, Switzerland",
          "price": 167,
          "discount": 0.5,
          "rating": 4.6,
          "image": "./images/Switzerland/Aargau/10.jpg",
          "region": "Aargau",
          "country": "Switzerland"
        },
        {
          "id": 21,
          "name": "Hotel du Parc",
          "address": "Römerstrasse 24, Baden, Aargau, Switzerland",
          "price": 164,
          "discount": 0.3,
          "rating": 4.3,
          "image": "./images/Switzerland/Aargau/11.jpg",
          "region": "Aargau",
          "country": "Switzerland"
        },
        {
          "id": 22,
          "name": "B&B Hotel Oftringen",
          "address": "Campingweg 19, Oftringen, Aargau, Switzerland",
          "price": 110,
          "discount": 0.5,
          "rating": 4.5,
          "image": "./images/Switzerland/Aargau/12.jpg",
          "region": "Aargau",
          "country": "Switzerland"
        }
      ]
    },
    {
      "id":5,
      "email":"rohan@gmail.com",
      "password":"password",
      "bookings":[ {
        "id": 39,
        "name": "Hotel Meilenstein",
        "address": "Lotzwilstrasse 66, Bern (region), Switzerland",
        "price": 222,
        "discount": 0.5,
        "rating": 4.4,
        "image": "./images/Switzerland/hotels/5.jpg",
        "region": "Bern",
        "country": "Switzerland"
      },
      {
        "id": 40,
        "name": "Hotel Schweizehof Bern",
        "address": "Bahnhoplatza 11, Bern (region), Switzerland",
        "price": 790,
        "discount": 0.5,
        "rating": 4.6,
        "image": "./images/Switzerland/hotels/6.jpg",
        "region": "Bern",
        "country": "Switzerland"
      },
      {
        "id": 41,
        "name": "Marathahaus",
        "address": "Wyttenbachstrasse 22, Bern (region), Switzerland",
        "price": 180,
        "discount": 0.5,
        "rating": 4.6,
        "image": "./images/Switzerland/hotels/7.jpg",
        "region": "Bern",
        "country": "Switzerland"
      },
      {
        "id": 42,
        "name": "Schloss Hunigen",
        "address": "Freimettigenstrasse 9, Bern (region), Switzerland",
        "price": 236,
        "discount": 0.5,
        "rating": 4.4,
        "image": "./images/Switzerland/hotels/8.jpg",
        "region": "Bern",
        "country": "Switzerland"
      },
      {
        "id": 43,
        "name": "Hotel Hirschen",
        "address": "Heidbuhl Eggiwil,Emmental, Bern (region), Switzerland",
        "price": 185,
        "discount": 0.5,
        "rating": 4.3,
        "image": "./images/Switzerland/hotels/9.jpg",
        "region": "Bern",
        "country": "Switzerland"
      },
      {
        "id": 44,
        "name": "Hotel Bern-Ostermundigen",
        "address": "Bernstrasse 25,Ostermundigen, Bern (region), Switzerland",
        "price": 146,
        "discount": 0.5,
        "rating": 4.2,
        "image": "./images/Switzerland/hotels/10.jpg",
        "region": "Bern",
        "country": "Switzerland"
      },
      {
        "id": 45,
        "name": "Hotel Victoria-Jungfrau Grand Hotel",
        "address": "Hoheweg 41, Interlaken, Bernese Oberland, Switzerland",
        "price": 695,
        "discount": 0.5,
        "rating": 4.5,
        "image": "./images/Switzerland/hotels/11.jpg",
        "region": "Bernese Oberland",
        "country": "Switzerland"
      },
      {
        "id": 46,
        "name": "Hotel Emmental",
        "address": "Bernstrasse 2, Thun, Bernese Oberland, Switzerland",
        "price": 195,
        "discount": 0.5,
        "rating": 4.4,
        "image": "./images/Switzerland/hotels/12.jpg",
        "region": "Bernese Oberland",
        "country": "Switzerland"
      },
      {
        "id": 47,
        "name": "The Cambrain",
        "address": "Adelboden, Bernese Oberland, Switzerland",
        "price": 360,
        "discount": 0.5,
        "rating": 4.8,
        "image": "./images/Switzerland/hotels/13.jpg",
        "region": "Bernese Oberland",
        "country": "Switzerland"
      },
      {
        "id": 48,
        "name": "Griesalp Hotels",
        "address": "Griesalp, Bernese Oberland, Switzerland",
        "price": 340,
        "discount": 0.5,
        "rating": 4.8,
        "image": "./images/Switzerland/hotels/14.jpg",
        "region": "Bernese Oberland",
        "country": "Switzerland"
      },
      {
        "id": 49,
        "name": "Hotel Artos Interlaken",
        "address": "Alpenstrasse 45, Interlaken, Bernese Oberland, Switzerland",
        "price": 234,
        "discount": 0.5,
        "rating": 4.1,
        "image": "./images/Switzerland/hotels/15.jpg",
        "region": "Bernese Oberland",
        "country": "Switzerland"
      },
      {
        "id": 50,
        "name": "Hotel Dakota",
        "address": "Amthausgasse 2, Meiringen, Bernese Oberland, Switzerland",
        "price": 256,
        "discount": 0.5,
        "rating": 4.2,
        "image": "./images/Switzerland/hotels/16.jpg",
        "region": "Bernese Oberland",
        "country": "Switzerland"
      },
      {
        "id": 51,
        "name": "Glockenhof Zürich",
        "address": "Sihlstrasse 31, Zürich, Carintha, Austria",
        "price": "460",
        "discount": 0.5,
        "rating": 4.6,
        "image": "./images/Switzerland/Zurich/1.jpg",
        "region": "Carintha",
        "country": "Austria"
      },
      {
        "id": 75,
        "name": "DASBREITEHOTEL am Rhein",
        "address": "Zürcherstrasse 149, Basel, Haute-Savoie, France",
        "price": 190,
        "discount": 0.5,
        "rating": 4.5,
        "image": "./images/Switzerland/hotels/5.jpg",
        "region": "Haute-Savoie",
        "country": "France"
      },
      {
        "id": 76,
        "name": "Hotel Schweizerhof Basel",
        "address": "Centralbahnplatz 1, Basel, Haute-Savoie, France",
        "price": 220,
        "discount": 0.5,
        "rating": 4.5,
        "image": "./images/Switzerland/hotels/6.jpg",
        "region": "Haute-Savoie",
        "country": "France"
      },
      {
        "id": 77,
        "name": "Hotel Restaurant Sonne Sissach",
        "address": "Hauptstrasse 83, Sissach, Haute-Savoie, France",
        "price": 250,
        "discount": 0.5,
        "rating": 4.5,
        "image": "./images/Switzerland/hotels/7.jpg",
        "region": "Haute-Savoie",
        "country": "France"
      },
      {
        "id": 78,
        "name": "Hotel Hofmatt",
        "address": "Baselstrasse 88, Münchenstein, Haute-Savoie, France",
        "price": 240,
        "discount": 0.5,
        "rating": 4.5,
        "image": "./images/Switzerland/hotels/8.jpg",
        "region": "Haute-Savoie",
        "country": "France"
      },
      {
        "id": 79,
        "name": "HOTEL ENGEL Business & Lifestyle",
        "address": "Kasernenstrasse 10, Liestal, Haute-Savoie, France",
        "price": 224,
        "discount": 0.5,
        "rating": 4.5,
        "image": "./images/Switzerland/hotels/9.jpg",
        "region": "Haute-Savoie",
        "country": "France"
      },
      {
        "id": 80,
        "name": "Seiler's Hotel Radackerhof",
        "address": "Rheinstrasse 93, Liestal, Haute-Savoie, France",
        "price": 340,
        "discount": 0.6,
        "rating": 4.5,
        "image": "./images/Switzerland/hotels/10.jpg",
        "region": "Haute-Savoie",
        "country": "France"
      },
      {
        "id": 81,
        "name": "Adagio Basel City Aparthotel",
        "address": "Hammerstrasse 46, Basel, Haute-Savoie, France",
        "price": 270,
        "discount": 0.6,
        "rating": 4.5,
        "image": "./images/Switzerland/hotels/11.jpg",
        "region": "Haute-Savoie",
        "country": "France"
      },
      {
        "id": 82,
        "name": "ART HOUSE Basel",
        "address": "Steinenvorstadt 42, Basel, Haute-Savoie, France",
        "price": 170,
        "discount": 0.4,
        "rating": 4.5,
        "image": "./images/Switzerland/hotels/12.jpg",
        "region": "Haute-Savoie",
        "country": "France"
      }
    ]
    }
  ],
  "hotels": [
    {
      "id": 1,
      "name": "Glockenhof Zürich",
      "address": "Sihlstrasse 31, Zürich, Zurich (region), Switzerland",
      "price": 460,
      "discount": 0.5,
      "rating": 4.6,
      "image":"./images/Switzerland/Zurich/1.jpg",
      "region": "Zurich",
      "country": "Switzerland"
    },
    {
      "name": "Seedamm Plaza",
      "address": "Seedammstrasse 3, Pfäffikon SZ, Zurich (region), Switzerland",
      "price": 220,
      "discount": 0.5,
      "rating": 4.5,
      "image": "./images/Switzerland/Zurich/2.jpg",
      "region": "Zurich",
      "country": "Switzerland",
      "id": 2
    },
    {
      "name": "Park Hotel Winterthur",
      "address": "Stadthausstrasse 4, Winterthur, Zurich (region), Switzerland",
      "price": 268,
      "discount": 0.5,
      "rating": 4.7,
      "image": "./images/Switzerland/Zurich/3.jpg",
      "region": "Zurich",
      "country": "Switzerland",
      "id": 3
    },
    {
      "id": 4,
      "name": "Alma Hotel",
      "address": "Mainaustrasse 24, Zurich,Zurich(region), Switzerland",
      "price": 318,
      "discount": 0.5,
      "rating": 4.6,
      "image": "./images/Switzerland/Zurich/4.jpg",
      "region": "Zurich",
      "country": "Switzerland"
    },
    {
      "id": 5,
      "name": "VitalBoutique Hotel Zurzacherhof",
      "address": "Dr. Martin Erb-Strasse 5, Bad Zurzach, Zurich (region), Switzerland",
      "price": 260,
      "discount": 0.5,
      "rating": 4.3,
      "image": "./images/Switzerland/Zurich/5.jpg",
      "region": "Zurich",
      "country": "Switzerland"
    },
    {
      "id": 6,
      "name": "Hotel MyWay",
      "address": "Bahnhofstrasse 6, Wallisellen, Zurich (region), Switzerland",
      "price": 270,
      "discount": 0.5,
      "rating": 4.4,
      "image": "./images/Switzerland/Zurich/6.jpg",
      "region": "Zurich",
      "country": "Switzerland"
    },
    {
      "id": 7,
      "name": "Altstadt Hotel",
      "address": "Kirchgasse 4, Zürich, Zurich (region), Switzerland",
      "price": 320,
      "discount": 0.5,
      "rating": 4.4,
      "image": "./images/Switzerland/Zurich/7.jpg",
      "region": "Zurich",
      "country": "Switzerland"
    },
    {
      "id": 8,
      "name": "HOTEL illuster",
      "address": "Zürichstrasse 14, Uster, Zurich (region), Switzerland",
      "price": 196,
      "discount": 0.5,
      "rating": 4.4,
      "image": "./images/Switzerland/Zurich/8.jpg",
      "region": "Zurich",
      "country": "Switzerland"
    },
    {
      "id": 9,
      "name": "Alex Lake Zurich",
      "address": "Seestrasse 182, Thalwil, Zurich (region), Switzerland",
      "price": 336,
      "discount": 0.3,
      "rating": 4.7,
      "image": "./images/Switzerland/Zurich/9.jpg",
      "region": "Zurich",
      "country": "Switzerland"
    },
    {
      "id": 10,
      "name": "Gasthof Pizzeria Weingarten",
      "address": "Untere Bahnhofstrasse 8, Affoltern am Albis, Zurich (region), Switzerland",
      "price": 200,
      "discount": 0.5,
      "rating": 4.7,
      "image": "./images/Switzerland/Zurich/10.jpg",
      "region": "Zurich",
      "country": "Switzerland"
    },
    {
      "id": 11,
      "name": "Hotel Kettenbrücke",
      "address": "Zollrain 16, Aarau, Aargau, Switzerland",
      "price": 270,
      "discount": 0.5,
      "rating": 4.5,
      "image": "./images/Switzerland/Aargau/1.jpg",
      "region": "Aargau",
      "country": "Switzerland"
    },
    {
      "id": 12,
      "name": "CASPAR das Drei-Häuser-Hotel",
      "address": "Caspar Wolf-Weg 1, Muri, Aargau, Switzerland",
      "price": 198,
      "discount": 0.5,
      "rating": 4.6,
      "image": "./images/Switzerland/Aargau/2.jpg",
      "region": "Aargau",
      "country": "Switzerland"
    },
    {
      "id": 13,
      "name": "Mercure Lenzburg Krone",
      "address": "Kronenplatz 18, Lenzburg, Aargau, Switzerland",
      "price": 240,
      "discount": 0.5,
      "rating": 4.4,
      "image": "./images/Switzerland/Aargau/3.jpg",
      "region": "Aargau",
      "country": "Switzerland"
    },
    {
      "id": 14,
      "name": "Blue City Hotel",
      "address": "Haselstrasse 17, Baden, Aargau, Switzerland",
      "price": 186,
      "discount": 0.5,
      "rating": 4.4,
      "image": "./images/Switzerland/Aargau/4.jpg",
      "region": "Aargau",
      "country": "Switzerland"
    },
    {
      "id": 15,
      "name": "HOTEL aarau-WEST",
      "address": "Muhenstrasse 58, Oberentfelden, Aargau, Switzerland",
      "price": 216,
      "discount": 0.5,
      "rating": 4.5,
      "image": "./images/Switzerland/Aargau/5.jpg",
      "region": "Aargau",
      "country": "Switzerland"
    },
    {
      "id": 16,
      "name": "Centurion-Towerhotel",
      "address": "Steinackerstrasse 1, Windisch-Brugg, Aargau, Switzerland",
      "price": 180,
      "discount": 0.4,
      "rating": 4.6,
      "image": "./images/Switzerland/Aargau/6.jpg",
      "region": "Aargau",
      "country": "Switzerland"
    },
    {
      "id": 17,
      "name": "Hotel Herberge",
      "address": "Wynentalstrasse 9a, Teufenthal, Aargau, Switzerland",
      "price": 200,
      "discount": 0.3,
      "rating": 4.5,
      "image": "./images/Switzerland/Aargau/7.jpg",
      "region": "Aargau",
      "country": "Switzerland"
    },
    {
      "id": 18,
      "name": "Trafo Hotel",
      "address": "Bruggerstrasse 56, Baden, Aargau, Switzerland",
      "price": 240,
      "discount": 0.5,
      "rating": 4.3,
      "image": "./images/Switzerland/Aargau/8.jpg",
      "region": "Aargau",
      "country": "Switzerland"
    },
    {
      "id": 19,
      "name": "Hotel B&B Rothrist Olten",
      "address": "Helblingstrasse 9, Rothrist, Aargau, Switzerland",
      "price": 110,
      "discount": 0.5,
      "rating": 3.9,
      "image": "./images/Switzerland/Aargau/9.jpg",
      "region": "Aargau",
      "country": "Switzerland"
    },
    {
      "id": 20,
      "name": "Hotel Engel Zofingen",
      "address": "Engelgasse 4, Zofingen, Aargau, Switzerland",
      "price": 167,
      "discount": 0.5,
      "rating": 4.6,
      "image": "./images/Switzerland/Aargau/10.jpg",
      "region": "Aargau",
      "country": "Switzerland"
    },
    {
      "id": 21,
      "name": "Hotel du Parc",
      "address": "Römerstrasse 24, Baden, Aargau, Switzerland",
      "price": 164,
      "discount": 0.3,
      "rating": 4.3,
      "image": "./images/Switzerland/Aargau/11.jpg",
      "region": "Aargau",
      "country": "Switzerland"
    },
    {
      "id": 22,
      "name": "B&B Hotel Oftringen",
      "address": "Campingweg 19, Oftringen, Aargau, Switzerland",
      "price": 110,
      "discount": 0.5,
      "rating": 4.5,
      "image": "./images/Switzerland/Aargau/12.jpg",
      "region": "Aargau",
      "country": "Switzerland"
    },
    {
      "id": 23,
      "name": "Landhotel Löwen",
      "address": "Hauptstrasse 4, Meisterschwanden, Aargau, Switzerland",
      "price": 200,
      "discount": 0.3,
      "rating": 4.5,
      "image": "./images/Switzerland/Aargau/13.jpg",
      "region": "Aargau",
      "country": "Switzerland"
    },
    {
      "id": 24,
      "name": "Hotel Victoria",
      "address": "Hauptstrasse 4, Meisterschwanden, Aargau, Switzerland",
      "price": 300,
      "discount": 0.5,
      "rating": 4.6,
      "image": "./images/Switzerland/Basel/1.jpg",
      "region": "Basel",
      "country": "Switzerland"
    },
    {
      "id": 25,
      "name": "DASBREITEHOTEL am Rhein",
      "address": "Zürcherstrasse 149, Basel, Basel (region), Switzerland",
      "price": 190,
      "discount": 0.5,
      "rating": 4.5,
      "image": "./images/Switzerland/Basel/2.jpg",
      "region": "Basel",
      "country": "Switzerland"
    },
    {
      "id": 26,
      "name": "Hotel Schweizerhof Basel",
      "address": "Centralbahnplatz 1, Basel, Basel (region), Switzerland",
      "price": 220,
      "discount": 0.5,
      "rating": 4.5,
      "image": "./images/Switzerland/Basel/3.jpg",
      "region": "Basel",
      "country": "Switzerland"
    },
    {
      "id": 27,
      "name": "Hotel Restaurant Sonne Sissach",
      "address": "Hauptstrasse 83, Sissach, Basel (region), Switzerland",
      "price": 250,
      "discount": 0.5,
      "rating": 4.5,
      "image": "./images/Switzerland/Basel/4.jpg",
      "region": "Basel",
      "country": "Switzerland"
    },
    {
      "id": 28,
      "name": "Hotel Hofmatt",
      "address": "Baselstrasse 88, Münchenstein, Basel (region), Switzerland",
      "price": 240,
      "discount": 0.5,
      "rating": 4.5,
      "image": "./images/Switzerland/Basel/5.jpg",
      "region": "Basel",
      "country": "Switzerland"
    },
    {
      "id": 29,
      "name": "HOTEL ENGEL Business & Lifestyle",
      "address": "Kasernenstrasse 10, Liestal, Basel (region), Switzerland",
      "price": 224,
      "discount": 0.5,
      "rating": 4.5,
      "image": "./images/Switzerland/Basel/6.jpg",
      "region": "Basel",
      "country": "Switzerland"
    },
    {
      "id": 30,
      "name": "Seiler's Hotel Radackerhof",
      "address": "Rheinstrasse 93, Liestal, Basel (region), Switzerland",
      "price": 340,
      "discount": 0.6,
      "rating": 4.5,
      "image": "./images/Switzerland/Basel/7.jpg",
      "region": "Basel",
      "country": "Switzerland"
    },
    {
      "id": 31,
      "name": "Adagio Basel City Aparthotel",
      "address": "Hammerstrasse 46, Basel, Basel (region), Switzerland",
      "price": 270,
      "discount": 0.6,
      "rating": 4.5,
      "image": "./images/Switzerland/Basel/8.jpg",
      "region": "Basel",
      "country": "Switzerland"
    },
    {
      "id": 32,
      "name": "ART HOUSE Basel",
      "address": "Steinenvorstadt 42, Basel, Basel (region), Switzerland",
      "price": 170,
      "discount": 0.4,
      "rating": 4.5,
      "image": "./images/Switzerland/Basel/9.jpg",
      "region": "Basel",
      "country": "Switzerland"
    },
    {
      "id": 33,
      "name": "Alpine Retreat Hotel",
      "address": "Mountain View Avenue, Basel Basel (region), Switzerland",
      "price": 280,
      "discount": 0.5,
      "rating": 4.7,
      "image": "./images/Switzerland/Basel/9.jpg",
      "region": "Basel",
      "country": "Switzerland"
    },
    {
      "id": 34,
      "name": "Riverside Plaza Hotel",
      "address": "Waterfront Street, Kleinbasel Basel Basel (region), Switzerland",
      "price": 350,
      "discount": 0.5,
      "rating": 4.8,
      "image": "./images/Switzerland/Basel/10.jpg",
      "region": "Basel",
      "country": "Switzerland"
    },
    {
      "id": 35,
      "name": "Stadthaus",
      "address": "Kirchbuhl 2, Burgdorf, Bern (region), Switzerland",
      "price": 240,
      "discount": 0.5,
      "rating": 4.7,
      "image": "./images/Switzerland/hotels/1.jpg",
      "region": "Bern",
      "country": "Switzerland"
    },
    {
      "id": 36,
      "name": "Hotel Weisses Kreuz",
      "address": "Markplatz, Bern (region), Switzerland",
      "price": 222,
      "discount": 0.5,
      "rating": 4.5,
      "image": "./images/Switzerland/hotels/2.jpg",
      "region": "Bern",
      "country": "Switzerland"
    },
    {
      "id": 37,
      "name": "Bellevue Palace Bern",
      "address": "Kochergasse 3-5, Bern (region), Switzerland",
      "price": 282,
      "discount": 0.4,
      "rating": 4.5,
      "image": "./images/Switzerland/hotels/3.jpg",
      "region": "Bern",
      "country": "Switzerland"
    },
    {
      "id": 38,
      "name": "Hotel Appenberg",
      "address": "Appenbergstrasse 36, Bern (region), Switzerland",
      "price": 300,
      "discount": 0.6,
      "rating": 4.8,
      "image": "./images/Switzerland/hotels/4.jpg",
      "region": "Bern",
      "country": "Switzerland"
    },
    {
      "id": 39,
      "name": "Hotel Meilenstein",
      "address": "Lotzwilstrasse 66, Bern (region), Switzerland",
      "price": 222,
      "discount": 0.5,
      "rating": 4.4,
      "image": "./images/Switzerland/hotels/5.jpg",
      "region": "Bern",
      "country": "Switzerland"
    },
    {
      "id": 40,
      "name": "Hotel Schweizehof Bern",
      "address": "Bahnhoplatza 11, Bern (region), Switzerland",
      "price": 790,
      "discount": 0.5,
      "rating": 4.6,
      "image": "./images/Switzerland/hotels/6.jpg",
      "region": "Bern",
      "country": "Switzerland"
    },
    {
      "id": 41,
      "name": "Marathahaus",
      "address": "Wyttenbachstrasse 22, Bern (region), Switzerland",
      "price": 180,
      "discount": 0.5,
      "rating": 4.6,
      "image": "./images/Switzerland/hotels/7.jpg",
      "region": "Bern",
      "country": "Switzerland"
    },
    {
      "id": 42,
      "name": "Schloss Hunigen",
      "address": "Freimettigenstrasse 9, Bern (region), Switzerland",
      "price": 236,
      "discount": 0.5,
      "rating": 4.4,
      "image": "./images/Switzerland/hotels/8.jpg",
      "region": "Bern",
      "country": "Switzerland"
    },
    {
      "id": 43,
      "name": "Hotel Hirschen",
      "address": "Heidbuhl Eggiwil,Emmental, Bern (region), Switzerland",
      "price": 185,
      "discount": 0.5,
      "rating": 4.3,
      "image": "./images/Switzerland/hotels/9.jpg",
      "region": "Bern",
      "country": "Switzerland"
    },
    {
      "id": 44,
      "name": "Hotel Bern-Ostermundigen",
      "address": "Bernstrasse 25,Ostermundigen, Bern (region), Switzerland",
      "price": 146,
      "discount": 0.5,
      "rating": 4.2,
      "image": "./images/Switzerland/hotels/10.jpg",
      "region": "Bern",
      "country": "Switzerland"
    },
    {
      "id": 45,
      "name": "Hotel Victoria-Jungfrau Grand Hotel",
      "address": "Hoheweg 41, Interlaken, Bernese Oberland, Switzerland",
      "price": 695,
      "discount": 0.5,
      "rating": 4.5,
      "image": "./images/Switzerland/hotels/11.jpg",
      "region": "Bernese Oberland",
      "country": "Switzerland"
    },
    {
      "id": 46,
      "name": "Hotel Emmental",
      "address": "Bernstrasse 2, Thun, Bernese Oberland, Switzerland",
      "price": 195,
      "discount": 0.5,
      "rating": 4.4,
      "image": "./images/Switzerland/hotels/12.jpg",
      "region": "Bernese Oberland",
      "country": "Switzerland"
    },
    {
      "id": 47,
      "name": "The Cambrain",
      "address": "Adelboden, Bernese Oberland, Switzerland",
      "price": 360,
      "discount": 0.5,
      "rating": 4.8,
      "image": "./images/Switzerland/hotels/13.jpg",
      "region": "Bernese Oberland",
      "country": "Switzerland"
    },
    {
      "id": 48,
      "name": "Griesalp Hotels",
      "address": "Griesalp, Bernese Oberland, Switzerland",
      "price": 340,
      "discount": 0.5,
      "rating": 4.8,
      "image": "./images/Switzerland/hotels/14.jpg",
      "region": "Bernese Oberland",
      "country": "Switzerland"
    },
    {
      "id": 49,
      "name": "Hotel Artos Interlaken",
      "address": "Alpenstrasse 45, Interlaken, Bernese Oberland, Switzerland",
      "price": 234,
      "discount": 0.5,
      "rating": 4.1,
      "image": "./images/Switzerland/hotels/15.jpg",
      "region": "Bernese Oberland",
      "country": "Switzerland"
    },
    {
      "id": 50,
      "name": "Hotel Dakota",
      "address": "Amthausgasse 2, Meiringen, Bernese Oberland, Switzerland",
      "price": 256,
      "discount": 0.5,
      "rating": 4.2,
      "image": "./images/Switzerland/hotels/16.jpg",
      "region": "Bernese Oberland",
      "country": "Switzerland"
    },
    {
      "id": 51,
      "name": "Glockenhof Zürich",
      "address": "Sihlstrasse 31, Zürich, Carintha, Austria",
      "price": "460",
      "discount": 0.5,
      "rating": 4.6,
      "image": "./images/Switzerland/Zurich/1.jpg",
      "region": "Carintha",
      "country": "Austria"
    },
    {
      "id": 52,
      "name": "Seedamm Plaza",
      "address": "Seedammstrasse 3, Pfäffikon SZ, Carintha, Austria",
      "price": 220,
      "discount": 0.5,
      "rating": 4.5,
      "image": "./images/Switzerland/Zurich/2.jpg",
      "region": "Carintha",
      "country": "Austria"
    },
    {
      "id": 53,
      "name": "Park Hotel Winterthur",
      "address": "Stadthausstrasse 4, Winterthur, Carintha, Austria",
      "price": 268,
      "discount": 0.5,
      "rating": 4.7,
      "image": "./images/Switzerland/Zurich/3.jpg",
      "region": "Carintha",
      "country": "Austria"
    },
    {
      "id": 54,
      "name": "Alma Hotel",
      "address": "Mainaustrasse 24, Zurich, Carintha, Austria",
      "price": 318,
      "discount": 0.5,
      "rating": 4.6,
      "image": "./images/Switzerland/Zurich/4.jpg",
      "region": "Carintha",
      "country": "Austria"
    },
    {
      "id": 55,
      "name": "VitalBoutique Hotel Zurzacherhof",
      "address": "Dr. Martin Erb-Strasse 5, Bad Zurzach, Carintha, Austria",
      "price": 260,
      "discount": 0.5,
      "rating": 4.3,
      "image": "./images/Switzerland/Zurich/5.jpg",
      "region": "Carintha",
      "country": "Austria"
    },
    {
      "id": 56,
      "name": "Hotel MyWay",
      "address": "Bahnhofstrasse 6, Wallisellen, Carintha, Austria",
      "price": 270,
      "discount": 0.5,
      "rating": 4.4,
      "image": "./images/Switzerland/Zurich/6.jpg",
      "region": "Carintha",
      "country": "Austria"
    },
    {
      "id": 57,
      "name": "Altstadt Hotel",
      "address": "Kirchgasse 4, Zürich, Carintha, Austria",
      "price": 320,
      "discount": 0.5,
      "rating": 4.4,
      "image": "./images/Switzerland/Zurich/7.jpg",
      "region": "Carintha",
      "country": "Austria"
    },
    {
      "id": 58,
      "name": "HOTEL illuster",
      "address": "Zürichstrasse 14, Uster, Carintha, Austria",
      "price": 196,
      "discount": 0.5,
      "rating": 4.4,
      "image": "./images/Switzerland/Zurich/8.jpg",
      "region": "Carintha",
      "country": "Austria"
    },
    {
      "id": 59,
      "name": "Alex Lake Zurich",
      "address": "Seestrasse 182, Thalwil, Carintha, Austria",
      "price": 336,
      "discount": 0.3,
      "rating": 4.7,
      "image": "./images/Switzerland/Zurich/9.jpg",
      "region": "Carintha",
      "country": "Austria"
    },
    {
      "id": 60,
      "name": "Gasthof Pizzeria Weingarten",
      "address": "Untere Bahnhofstrasse 8, Affoltern am Albis, Carintha, Austria",
      "price": 200,
      "discount": 0.5,
      "rating": 4.7,
      "image": "./images/Switzerland/Zurich/10.jpg",
      "region": "Carintha",
      "country": "Austria"
    },
    {
      "id": 61,
      "name": "Hotel Kettenbrücke",
      "address": "Zollrain 16, Aarau, Styria, Austria",
      "price": 270,
      "discount": 0.5,
      "rating": 4.5,
      "image": "./images/Switzerland/Aargau/1.jpg",
      "region": "Styria",
      "country": "Austria"
    },
    {
      "id": 62,
      "name": "CASPAR das Drei-Häuser-Hotel",
      "address": "Caspar Wolf-Weg 1, Muri, Styria, Austria",
      "price": 198,
      "discount": 0.5,
      "rating": 4.6,
      "image": "./images/Switzerland/Aargau/2.jpg",
      "region": "Styria",
      "country": "Austria"
    },
    {
      "id": 63,
      "name": "Mercure Lenzburg Krone",
      "address": "Kronenplatz 18, Lenzburg, Styria, Austria",
      "price": 240,
      "discount": 0.5,
      "rating": 4.4,
      "image": "./images/Switzerland/Aargau/3.jpg",
      "region": "Styria",
      "country": "Austria"
    },
    {
      "id": 64,
      "name": "Blue City Hotel",
      "address": "Haselstrasse 17, Baden, Styria, Austria",
      "price": 186,
      "discount": 0.5,
      "rating": 4.4,
      "image": "./images/Switzerland/Aargau/4.jpg",
      "region": "Styria",
      "country": "Austria"
    },
    {
      "id": 65,
      "name": "HOTEL aarau-WEST",
      "address": "Muhenstrasse 58, Oberentfelden, Styria, Austria",
      "price": 216,
      "discount": 0.5,
      "rating": 4.5,
      "image": "./images/Switzerland/Aargau/5.jpg",
      "region": "Styria",
      "country": "Austria"
    },
    {
      "id": 66,
      "name": "Centurion-Towerhotel",
      "address": "Steinackerstrasse 1, Windisch-Brugg, Styria, Austria",
      "price": 180,
      "discount": 0.4,
      "rating": 4.6,
      "image": "./images/Switzerland/Aargau/6.jpg",
      "region": "Styria",
      "country": "Austria"
    },
    {
      "id": 67,
      "name": "Hotel Herberge",
      "address": "Wynentalstrasse 9a, Teufenthal, Styria, Austria",
      "price": 200,
      "discount": 0.3,
      "rating": 4.5,
      "image": "./images/Switzerland/Aargau/7.jpg",
      "region": "Styria",
      "country": "Austria"
    },
    {
      "id": 68,
      "name": "Trafo Hotel",
      "address": "Bruggerstrasse 56, Baden, Styria, Austria",
      "price": 240,
      "discount": 0.5,
      "rating": 4.3,
      "image": "./images/Switzerland/Aargau/8.jpg",
      "region": "Styria",
      "country": "Austria"
    },
    {
      "id": 69,
      "name": "Hotel B&B Rothrist Olten",
      "address": "Helblingstrasse 9, Rothrist, Styria, Austria",
      "price": 110,
      "discount": 0.5,
      "rating": 3.9,
      "image": "./images/Switzerland/Aargau/9.jpg",
      "region": "Styria",
      "country": "Austria"
    },
    {
      "id": 70,
      "name": "Hotel Engel Zofingen",
      "address": "Engelgasse 4, Zofingen, Styria, Austria",
      "price": 167,
      "discount": 0.5,
      "rating": 4.6,
      "image": "./images/Switzerland/Aargau/10.jpg",
      "region": "Styria",
      "country": "Austria"
    },
    {
      "id": 71,
      "name": "Hotel du Parc",
      "address": "Römerstrasse 24, Baden, Alsace, France",
      "price": 164,
      "discount": 0.3,
      "rating": 4.3,
      "image": "./images/Switzerland/hotels/1.jpg",
      "region": "Alsace",
      "country": "France"
    },
    {
      "id": 72,
      "name": "B&B Hotel Oftringen",
      "address": "Campingweg 19, Oftringen, Alsace, France",
      "price": 110,
      "discount": 0.5,
      "rating": 4.5,
      "image": "./images/Switzerland/hotels/2.jpg",
      "region": "Alsace",
      "country": "France"
    },
    {
      "id": 73,
      "name": "Landhotel Löwen",
      "address": "Hauptstrasse 4, Meisterschwanden, Alsace, France",
      "price": 200,
      "discount": 0.3,
      "rating": 4.5,
      "image": "./images/Switzerland/hotels/3.jpg",
      "region": "Alsace",
      "country": "France"
    },
    {
      "id": 74,
      "name": "Hotel Victoria",
      "address": "Hauptstrasse 4, Meisterschwanden, Haute-Savoie, France",
      "price": 300,
      "discount": 0.5,
      "rating": 4.6,
      "image": "./images/Switzerland/hotels/4.jpg",
      "region": "Haute-Savoie",
      "country": "France"
    },
    {
      "id": 75,
      "name": "DASBREITEHOTEL am Rhein",
      "address": "Zürcherstrasse 149, Basel, Haute-Savoie, France",
      "price": 190,
      "discount": 0.5,
      "rating": 4.5,
      "image": "./images/Switzerland/hotels/5.jpg",
      "region": "Haute-Savoie",
      "country": "France"
    },
    {
      "id": 76,
      "name": "Hotel Schweizerhof Basel",
      "address": "Centralbahnplatz 1, Basel, Haute-Savoie, France",
      "price": 220,
      "discount": 0.5,
      "rating": 4.5,
      "image": "./images/Switzerland/hotels/6.jpg",
      "region": "Haute-Savoie",
      "country": "France"
    },
    {
      "id": 77,
      "name": "Hotel Restaurant Sonne Sissach",
      "address": "Hauptstrasse 83, Sissach, Haute-Savoie, France",
      "price": 250,
      "discount": 0.5,
      "rating": 4.5,
      "image": "./images/Switzerland/hotels/7.jpg",
      "region": "Haute-Savoie",
      "country": "France"
    },
    {
      "id": 78,
      "name": "Hotel Hofmatt",
      "address": "Baselstrasse 88, Münchenstein, Haute-Savoie, France",
      "price": 240,
      "discount": 0.5,
      "rating": 4.5,
      "image": "./images/Switzerland/hotels/8.jpg",
      "region": "Haute-Savoie",
      "country": "France"
    },
    {
      "id": 79,
      "name": "HOTEL ENGEL Business & Lifestyle",
      "address": "Kasernenstrasse 10, Liestal, Haute-Savoie, France",
      "price": 224,
      "discount": 0.5,
      "rating": 4.5,
      "image": "./images/Switzerland/hotels/9.jpg",
      "region": "Haute-Savoie",
      "country": "France"
    },
    {
      "id": 80,
      "name": "Seiler's Hotel Radackerhof",
      "address": "Rheinstrasse 93, Liestal, Haute-Savoie, France",
      "price": 340,
      "discount": 0.6,
      "rating": 4.5,
      "image": "./images/Switzerland/hotels/10.jpg",
      "region": "Haute-Savoie",
      "country": "France"
    },
    {
      "id": 81,
      "name": "Adagio Basel City Aparthotel",
      "address": "Hammerstrasse 46, Basel, Haute-Savoie, France",
      "price": 270,
      "discount": 0.6,
      "rating": 4.5,
      "image": "./images/Switzerland/hotels/11.jpg",
      "region": "Haute-Savoie",
      "country": "France"
    },
    {
      "id": 82,
      "name": "ART HOUSE Basel",
      "address": "Steinenvorstadt 42, Basel, Haute-Savoie, France",
      "price": 170,
      "discount": 0.4,
      "rating": 4.5,
      "image": "./images/Switzerland/hotels/12.jpg",
      "region": "Haute-Savoie",
      "country": "France"
    }
  ]
}